Company Name,Website URL
Company Name,Website URL
Who is a Good Person?,https://ankushanand.com/author/akshansh1998/
"Yes, It Hurts",https://ankushanand.com/author/akshansh1998/
The Apocalypse,https://ankushanand.com/author/akshansh1998/
Company Name,Website URL
Who is a Good Person?,https://ankushanand.com/author/akshansh1998/
"Yes, It Hurts",https://ankushanand.com/author/akshansh1998/
The Apocalypse,https://ankushanand.com/author/akshansh1998/
Company Name,Website URL
Who is a Good Person?,https://ankushanand.com/author/akshansh1998/
"Yes, It Hurts",https://ankushanand.com/author/akshansh1998/
The Apocalypse,https://ankushanand.com/author/akshansh1998/
नासमझ सी हवा,https://ankushanand.com/author/akshansh1998/
मुस्कुराहट – अंकुश आनंद,https://ankushanand.com/author/akshansh1998/
Men are Stronger. Are They??,https://ankushanand.com/author/akshansh1998/
Bahon Mein Meri (बाँहों में मेरी ) – Song Lyrics by Ankush,https://ankushanand.com/author/akshansh1998/
Bezubaan – बेजुबान – Speak for Those Who Cannot #StopAnimalCruelity,https://ankushanand.com/author/akshansh1998/
Halchal – हलचल,https://ankushanand.com/author/akshansh1998/
Real Relations that Universally Exists – Part 1,https://ankushanand.com/author/akshansh1998/
